Name 	|V| 	|E| 	Lifetime 	Max|Min Degree 	#deg 1|2 	(un)stability 	pair stability 	pair stability v2 	c 	delta1=0, delta2=0 	weak max(gamma,unstability) 	delta1=0, delta2=5 	weak max(gamma,unstability) 	delta1=0, delta2=10 	weak max(gamma,unstability) 	delta1=5, delta2=10 	weak max(gamma,unstability) 	
d/mammalia/mammalia-raccoon-proximity-35.edges	25	23	[16,352976]	7|0	0|5	1	0	0	3	0	0	0	0	0	0	1	0	
d/mammalia/mammalia-voles-rob-trapping-20.edges	560	58	[1,4]	4|0	19|16	4	2	1	2	1	1	1	1	1	1	2	1	
d/mammalia/mammalia-voles-bhp-trapping-61.edges	1659	104	[1,10]	6|0	22|20	5	3	3	2	3	2	3	2	2	2	2	2	
d/mammalia/mammalia-baboon-grooming-group09.edges	25	21	[1,5]	3|0	9|9	3	1	1	2	1	1	1	1	1	1	2	1	
d/mammalia/mammalia-voles-rob-trapping-02.edges	60	91	[1,6]	8|0	8|20	7	4	3	4	3	2	2	2	2	2	4	2	
d/mammalia/mammalia-voles-bhp-trapping-54.edges	1437	23	[1,4]	5|0	17|10	4	1	1	1	1	1	1	1	1	1	1	1	
d/mammalia/mammalia-sheep-dominance.edges	29	235	[1,12]	23|0	0|0	18	7	5	18	5	3	5	3	5	3	18	10	
d/mammalia/mammalia-baboon-grooming-group10.edges	14	30	[1,5]	6|0	0|1	6	5	5	5	5	2	5	2	5	2	5	3	
d/mammalia/mammalia-baboon-grooming-group04.edges	5	4	[1,9]	3|0	1|2	2	0	0	1	0	0	0	0	0	0	1	0	
d/mammalia/mammalia-voles-kcs-trapping-18.edges	365	97	[1,7]	5|0	18|8	5	3	3	3	3	3	2	3	2	3	3	3	
d/mammalia/mammalia-baboon-grooming-group18.edges	11	8	[1,3]	3|0	3|5	3	1	1	1	1	1	1	1	1	1	1	1	
d/mammalia/mammalia-raccoon-proximity-43.edges	25	29	[2,464476]	7|0	2|4	1	0	0	4	0	0	0	0	0	0	1	0	
d/mammalia/mammalia-voles-bhp-trapping-10.edges	159	28	[1,2]	5|0	6|6	5	2	2	2	2	2	2	2	2	2	2	2	
d/mammalia/mammalia-voles-kcs-trapping-61.edges	1208	80	[1,6]	6|0	19|17	6	4	4	2	4	3	2	3	2	3	2	3	
d/mammalia/mammalia-baboon-grooming-group23.edges	24	23	[1,4]	6|0	5|7	6	2	2	2	2	2	2	2	2	2	2	2	
d/mammalia/mammalia-voles-rob-trapping-56.edges	1288	17	[1,4]	4|0	7|5	4	2	2	1	1	2	1	2	1	2	1	2	
d/mammalia/mammalia-voles-bhp-trapping-30.edges	1057	82	[1,12]	6|0	31|22	6	3	3	2	3	3	2	3	2	3	2	3	
d/mammalia/mammalia-voles-plj-trapping-27.edges	710	229	[1,9]	8|0	21|19	7	5	5	4	5	3	4	3	4	3	4	3	
d/mammalia/mammalia-voles-plj-trapping-30.edges	741	28	[1,4]	4|0	21|11	4	1	1	1	1	1	1	1	1	1	1	1	
d/mammalia/mammalia-vampire-bats-foodsharing.edges	22	72	[5,7551]	14|0	5|1	2	1	1	8	1	0	1	0	1	0	1	0	
d/mammalia/mammalia-voles-rob-trapping-44.edges	968	21	[1,4]	4|0	20|6	4	1	1	2	1	1	1	1	1	1	2	1	
d/mammalia/mammalia-voles-kcs-trapping-37.edges	825	56	[1,6]	6|0	15|13	5	2	2	2	2	2	2	2	2	2	2	2	
d/mammalia/mammalia-voles-rob-trapping-05.edges	157	85	[1,6]	7|0	24|15	7	3	3	3	2	2	2	2	2	2	3	2	
d/mammalia/mammalia-voles-plj-trapping-22.edges	362	155	[1,9]	9|0	11|16	8	5	5	4	3	5	2	5	2	5	4	5	
Name 	|V| 	|E| 	Lifetime 	Max|Min Degree 	#deg 1|2 	(un)stability 	pair stability 	pair stability v2 	c 	delta1=0, delta2=0 	weak max(gamma,unstability) 	delta1=0, delta2=5 	weak max(gamma,unstability) 	delta1=0, delta2=10 	weak max(gamma,unstability) 	delta1=5, delta2=10 	weak max(gamma,unstability) 	
d/mammalia/mammalia-voles-bhp-trapping-02.edges	26	33	[1,6]	5|0	6|7	5	3	2	2	2	2	2	2	2	2	2	2	
d/mammalia/mammalia-raccoon-proximity-33.edges	25	39	[8,115083]	11|0	0|2	1	0	0	5	0	0	0	0	0	0	1	0	
d/mammalia/mammalia-voles-bhp-trapping-37.edges	1128	14	[1,3]	4|0	8|6	4	1	1	2	1	1	1	1	1	1	2	1	
d/mammalia/mammalia-raccoon-proximity-30.edges	25	19	[58,604800]	7|0	0|1	1	0	0	5	0	0	0	0	0	0	0	0	
d/mammalia/mammalia-voles-rob-trapping-43.edges	943	2	[1,1]	1|0	4|0	1	0	0	0	0	0	0	0	0	0	0	0	
d/mammalia/mammalia-voles-kcs-trapping-42.edges	852	3	[1,1]	1|0	6|0	1	0	0	0	0	0	0	0	0	0	0	0	
d/mammalia/mammalia-voles-plj-trapping-53.edges	1036	13	[1,3]	2|0	6|10	2	1	1	1	1	1	0	1	0	1	1	1	
d/mammalia/mammalia-raccoon-proximity-44.edges	25	31	[2,361620]	7|0	0|2	2	1	1	5	1	0	1	0	1	0	1	1	
d/mammalia/mammalia-baboon-association-group17.edges	10	15	[1,2]	6|0	0|4	6	2	2	3	2	2	2	2	2	2	3	2	
d/mammalia/mammalia-voles-rob-trapping-37.edges	934	4	[1,2]	3|0	1|2	3	1	1	1	1	0	0	0	0	0	1	0	
d/mammalia/mammalia-raccoon-proximity-29.edges	25	21	[3,587518]	6|0	5|1	2	0	0	4	0	0	0	0	0	0	1	0	
d/mammalia/mammalia-baboon-association-group22.edges	9	9	[1,1]	5|0	4|0	5	0	0	2	2	1	2	1	2	1	2	1	
d/mammalia/mammalia-baboon-association-group05.edges	5	4	[1,2]	3|0	1|2	3	1	1	1	1	0	1	0	1	0	1	1	
d/mammalia/mammalia-voles-bhp-trapping-42.edges	1140	2	[1,3]	2|0	2|1	1	0	0	1	0	0	0	0	0	0	1	0	
d/mammalia/mammalia-primate-association-15.edges	26	103	[0,5]	16|0	1|1	14	8	7	10	7	5	6	5	6	5	10	6	
d/mammalia/mammalia-voles-plj-trapping-39.edges	805	10	[1,4]	3|0	9|1	3	1	1	2	1	1	1	1	1	1	2	1	
d/mammalia/mammalia-raccoon-proximity-7.edges	25	82	[3,212339]	15|0	0|0	2	0	0	7	0	0	0	0	0	0	1	1	
d/mammalia/mammalia-raccoon-proximity-13.edges	25	57	[6,58693]	11|0	0|1	2	0	0	6	0	0	0	0	0	0	1	0	
d/mammalia/mammalia-voles-kcs-trapping-40.edges	848	9	[1,1]	3|0	3|6	3	0	0	1	1	1	1	1	1	1	1	1	
d/mammalia/mammalia-voles-kcs-trapping-64.edges	1219	33	[1,5]	4|0	3|3	4	2	2	2	2	2	2	2	2	2	2	2	
d/mammalia/mammalia-voles-rob-trapping-46.edges	1058	122	[1,5]	9|0	8|13	9	5	4	4	4	4	2	4	2	4	4	4	
d/mammalia/mammalia-voles-rob-trapping-50.edges	1218	152	[1,7]	10|0	27|18	9	5	4	4	4	3	2	3	2	3	4	3	
d/mammalia/mammalia-voles-kcs-trapping-23.edges	491	90	[1,7]	8|0	11|19	7	2	2	4	2	2	1	2	1	2	4	2	
d/mammalia/mammalia-voles-plj-trapping-05.edges	105	82	[1,7]	8|0	5|17	8	3	3	3	2	2	2	2	2	2	3	2	
d/mammalia/mammalia-raccoon-proximity-28.edges	25	27	[4,513607]	7|0	4|3	1	0	0	3	0	0	0	0	0	0	1	0	
Name 	|V| 	|E| 	Lifetime 	Max|Min Degree 	#deg 1|2 	(un)stability 	pair stability 	pair stability v2 	c 	delta1=0, delta2=0 	weak max(gamma,unstability) 	delta1=0, delta2=5 	weak max(gamma,unstability) 	delta1=0, delta2=10 	weak max(gamma,unstability) 	delta1=5, delta2=10 	weak max(gamma,unstability) 	
d/mammalia/mammalia-voles-kcs-trapping-36.edges	793	24	[1,3]	4|0	12|10	3	1	1	1	1	1	1	1	1	1	1	1	
d/mammalia/mammalia-baboon-grooming-group15.edges	7	9	[1,2]	4|0	0|2	4	1	1	2	1	1	1	1	1	1	2	2	
d/mammalia/mammalia-raccoon-proximity-40.edges	25	35	[3,509880]	8|0	2|2	2	1	1	4	1	0	1	0	1	0	1	0	
d/mammalia/mammalia-voles-kcs-trapping-50.edges	1039	72	[1,4]	6|0	17|13	6	3	3	2	3	2	2	2	2	2	2	2	
d/mammalia/mammalia-voles-rob-trapping-63.edges	1476	65	[1,4]	5|0	13|16	5	2	2	2	2	2	1	2	1	2	2	2	
d/mammalia/mammalia-voles-bhp-trapping-12.edges	226	115	[1,9]	9|0	7|19	8	3	3	3	3	3	2	3	2	3	3	3	
d/mammalia/mammalia-raccoon-proximity-5.edges	25	67	[2,176486]	11|0	0|0	2	0	0	6	0	0	0	0	0	0	1	1	
d/mammalia/mammalia-voles-bhp-trapping-53.edges	1428	24	[1,3]	4|0	13|6	3	1	1	1	1	1	1	1	1	1	1	1	
d/mammalia/mammalia-voles-kcs-trapping-58.edges	1139	27	[1,6]	4|0	12|3	4	3	3	2	2	2	2	2	2	2	2	2	
d/mammalia/mammalia-elephantseal-2011-2012.edges	31	33	[1,1]	6|0	14|6	6	0	0	2	2	1	2	1	2	1	2	1	
d/mammalia/mammalia-voles-kcs-trapping-34.edges	771	9	[1,3]	2|0	12|3	2	1	1	1	1	0	1	0	1	0	1	0	
d/mammalia/mammalia-voles-plj-trapping-46.edges	898	69	[1,9]	6|0	18|18	6	3	2	2	2	2	2	2	2	2	2	2	
d/mammalia/mammalia-baboon-grooming-group03.edges	27	35	[1,5]	7|0	5|5	6	2	2	2	2	2	2	2	2	2	2	2	
d/mammalia/mammalia-voles-bhp-trapping-64.edges	1687	56	[1,10]	5|0	14|10	4	2	2	2	2	2	2	2	1	2	2	2	
d/mammalia/mammalia-voles-kcs-trapping-13.edges	192	59	[1,5]	8|0	16|8	7	3	2	4	2	2	2	2	2	2	4	3	
d/mammalia/mammalia-voles-rob-trapping-18.edges	536	74	[1,9]	5|0	39|19	5	2	1	2	1	1	1	1	1	1	2	1	
d/mammalia/mammalia-baboon-association-group03.edges	27	31	[1,2]	6|0	6|11	6	2	2	2	2	2	2	2	2	2	2	2	
d/mammalia/mammalia-voles-rob-trapping-10.edges	200	54	[1,4]	6|0	11|13	5	2	2	2	2	2	2	2	2	2	2	2	
d/mammalia/mammalia-voles-rob-trapping-21.edges	588	130	[1,6]	8|0	8|18	7	3	2	3	2	2	2	2	2	2	3	2	
d/mammalia/mammalia-hyena-networkb.edges	37	585	[0,0]	35|0	0|0	35	0	0	33	33	12	33	12	33	12	33	12	
d/mammalia/mammalia-raccoon-proximity-41.edges	25	47	[9,348675]	9|0	3|1	2	0	0	5	0	0	0	0	0	0	1	0	
d/mammalia/mammalia-baboon-association-group02.edges	6	8	[1,3]	4|0	0|1	3	2	2	2	2	2	0	2	0	2	2	2	
d/mammalia/mammalia-voles-bhp-trapping-45.edges	1190	77	[1,12]	8|0	12|11	8	6	6	1	6	3	4	3	1	3	1	3	
d/mammalia/mammalia-voles-bhp-trapping-36.edges	1121	39	[1,12]	6|0	14|10	6	3	3	2	3	2	2	2	2	2	2	2	
d/mammalia/mammalia-voles-bhp-trapping-63.edges	1670	31	[1,6]	2|0	26|18	2	1	1	1	1	0	1	0	1	0	1	1	
Name 	|V| 	|E| 	Lifetime 	Max|Min Degree 	#deg 1|2 	(un)stability 	pair stability 	pair stability v2 	c 	delta1=0, delta2=0 	weak max(gamma,unstability) 	delta1=0, delta2=5 	weak max(gamma,unstability) 	delta1=0, delta2=10 	weak max(gamma,unstability) 	delta1=5, delta2=10 	weak max(gamma,unstability) 	
d/mammalia/mammalia-voles-kcs-trapping-19.edges	371	18	[1,4]	3|0	22|4	3	1	1	1	1	0	1	0	1	0	1	1	
d/mammalia/mammalia-baboon-association-group18.edges	11	27	[1,2]	6|0	0|0	6	4	4	5	4	2	4	2	4	2	5	4	
d/mammalia/mammalia-voles-bhp-trapping-55.edges	1463	105	[1,6]	9|0	4|7	8	3	3	4	2	3	2	3	2	3	4	3	
d/mammalia/mammalia-raccoon-proximity-32.edges	25	27	[24,257631]	7|0	2|1	1	0	0	5	0	0	0	0	0	0	0	0	
d/mammalia/mammalia-voles-rob-trapping-25.edges	805	128	[1,4]	10|0	26|22	10	6	6	3	2	6	2	6	2	6	3	6	
d/mammalia/mammalia-primate-association-9.edges	21	129	[0,7]	17|0	0|0	15	11	11	13	10	6	9	6	9	6	13	9	
d/mammalia/mammalia-baboon-association-group07.edges	17	28	[1,2]	6|0	1|3	6	3	3	3	3	2	3	2	3	2	3	2	
d/mammalia/mammalia-primate-association-2.edges	15	10	[0,2]	4|0	0|0	4	2	2	0	2	2	0	2	0	2	0	2	
d/mammalia/mammalia-baboon-grooming-group05.edges	5	5	[1,7]	3|0	0|2	2	0	0	2	0	0	0	0	0	0	1	0	
d/mammalia/mammalia-baboon-grooming-group11.edges	15	17	[1,3]	5|0	2|4	4	1	1	2	1	1	1	1	1	1	2	2	
d/mammalia/mammalia-macaque-dominance.edges	63	1167	[1,9]	55|0	0|0	38	16	14	41	14	8	14	8	14	8	40	24	
d/mammalia/mammalia-raccoon-proximity-31.edges	25	23	[6,510556]	9|0	2|1	1	0	0	4	0	0	0	0	0	0	0	0	
d/mammalia/mammalia-raccoon-proximity-10.edges	25	50	[2,19420]	9|0	0|2	2	0	0	6	0	0	0	0	0	0	1	0	
d/mammalia/mammalia-primate-association-13.edges	26	181	[0,7]	19|0	0|0	17	10	10	14	10	5	7	5	7	5	14	9	
d/mammalia/mammalia-raccoon-proximity-9.edges	25	60	[3,221146]	12|0	1|3	2	0	0	7	0	0	0	0	0	0	1	1	
d/mammalia/mammalia-voles-plj-trapping-55.edges	1054	2	[1,1]	2|0	2|1	2	0	0	1	1	0	1	0	1	0	1	0	
d/mammalia/mammalia-voles-rob-trapping-53.edges	1257	26	[1,4]	3|0	24|8	3	1	1	1	1	1	1	1	1	1	1	1	
d/mammalia/mammalia-voles-kcs-trapping-31.edges	741	20	[1,9]	4|0	9|9	3	1	1	2	1	1	1	1	1	1	2	1	
d/mammalia/mammalia-voles-kcs-trapping-52.edges	1061	13	[1,4]	2|0	14|6	2	1	1	1	1	0	1	0	1	0	1	0	
d/mammalia/mammalia-baboon-grooming-group26.edges	20	25	[1,6]	7|0	5|4	6	2	2	2	2	2	2	2	2	2	2	2	
d/mammalia/mammalia-voles-plj-trapping-14.edges	209	29	[1,5]	5|0	10|13	5	2	2	2	2	2	2	2	2	2	2	2	
d/mammalia/mammalia-voles-rob-trapping-15.edges	392	29	[1,5]	5|0	19|8	5	2	1	1	1	1	1	1	1	1	1	1	
d/mammalia/mammalia-voles-plj-trapping-26.edges	671	515	[1,12]	15|0	12|22	12	8	6	7	6	4	4	4	4	4	7	4	
Name 	|V| 	|E| 	Lifetime 	Max|Min Degree 	#deg 1|2 	(un)stability 	pair stability 	pair stability v2 	c 	delta1=0, delta2=0 	weak max(gamma,unstability) 	delta1=0, delta2=5 	weak max(gamma,unstability) 	delta1=0, delta2=10 	weak max(gamma,unstability) 	delta1=5, delta2=10 	weak max(gamma,unstability) 	
d/mammalia/mammalia-baboon-grooming-group21.edges	9	18	[1,6]	6|0	0|0	4	2	1	5	1	1	1	1	1	1	5	3	
d/mammalia/mammalia-voles-bhp-trapping-47.edges	1286	116	[1,8]	11|0	20|9	11	5	5	3	5	2	3	2	3	2	3	2	
d/mammalia/mammalia-voles-plj-trapping-02.edges	36	21	[1,2]	3|0	14|11	3	2	2	2	2	2	2	2	2	2	2	2	
d/mammalia/mammalia-voles-plj-trapping-19.edges	285	17	[1,4]	3|0	21|2	3	1	1	2	1	1	1	1	1	1	2	1	
d/mammalia/mammalia-voles-rob-trapping-04.edges	140	119	[1,9]	10|0	17|21	9	4	3	2	3	3	2	3	2	3	2	3	
d/mammalia/mammalia-voles-kcs-trapping-63.edges	1213	22	[1,2]	4|0	11|10	4	1	1	1	1	1	1	1	1	1	1	1	
d/mammalia/mammalia-voles-kcs-trapping-16.edges	314	137	[1,12]	8|0	15|15	8	4	4	3	3	3	2	3	2	3	3	3	
d/mammalia/mammalia-voles-bhp-trapping-27.edges	1000	253	[1,9]	14|0	25|41	13	4	3	2	3	3	2	3	2	3	2	3	
d/mammalia/mammalia-voles-kcs-trapping-45.edges	879	12	[1,4]	2|0	10|7	2	1	1	1	1	0	1	0	1	0	1	1	
d/mammalia/mammalia-voles-bhp-trapping-07.edges	124	52	[1,4]	5|0	13|21	5	2	2	2	2	2	2	2	2	2	2	2	
d/mammalia/mammalia-hyena-networkc.edges	36	509	[0,0]	34|0	0|0	34	0	0	30	30	17	30	17	30	17	30	17	
d/mammalia/mammalia-primate-association-18.edges	15	15	[0,2]	5|0	0|0	5	3	3	0	2	2	0	2	0	2	0	2	
d/mammalia/mammalia-hyena-networka.edges	36	521	[0,0]	34|0	0|0	34	0	0	30	30	15	30	15	30	15	30	15	
d/mammalia/mammalia-voles-bhp-trapping-25.edges	880	213	[1,9]	9|0	34|34	9	4	4	3	3	3	2	3	2	3	3	3	
d/mammalia/mammalia-primate-association-11.edges	19	73	[0,6]	13|0	0|0	11	6	6	10	6	4	5	4	5	4	10	6	
d/mammalia/mammalia-voles-plj-trapping-60.edges	1218	143	[1,12]	8|0	15|26	8	4	4	3	4	4	2	4	2	4	3	4	
d/mammalia/mammalia-voles-bhp-trapping-18.edges	484	94	[1,3]	6|0	25|23	6	3	3	2	2	2	1	2	1	2	2	2	
d/mammalia/mammalia-baboon-association-group25.edges	20	9	[1,2]	3|0	5|2	3	1	1	1	1	1	1	1	1	1	1	1	
d/mammalia/mammalia-primate-association-17.edges	15	20	[0,7]	6|0	0|0	6	4	4	5	3	3	3	3	3	3	5	3	
d/mammalia/mammalia-voles-bhp-trapping-60.edges	1636	139	[1,6]	7|0	18|24	6	3	3	2	2	2	2	2	2	2	2	2	
d/mammalia/mammalia-voles-bhp-trapping-62.edges	1665	58	[1,6]	4|0	30|16	4	3	3	1	3	2	1	2	1	2	1	2	
d/mammalia/mammalia-voles-bhp-trapping-03.edges	35	18	[1,2]	4|0	11|6	4	2	2	1	2	2	1	2	1	2	1	2	
d/mammalia/mammalia-voles-bhp-trapping-23.edges	703	253	[1,12]	10|0	14|29	10	5	4	6	4	3	3	3	3	3	6	3	
d/mammalia/mammalia-voles-plj-trapping-29.edges	734	54	[1,6]	4|0	24|18	4	2	2	2	2	2	1	2	1	2	2	2	
d/mammalia/mammalia-primate-association-12.edges	19	89	[0,4]	14|0	0|0	12	7	7	11	6	4	6	4	6	4	11	7	
Name 	|V| 	|E| 	Lifetime 	Max|Min Degree 	#deg 1|2 	(un)stability 	pair stability 	pair stability v2 	c 	delta1=0, delta2=0 	weak max(gamma,unstability) 	delta1=0, delta2=5 	weak max(gamma,unstability) 	delta1=0, delta2=10 	weak max(gamma,unstability) 	delta1=5, delta2=10 	weak max(gamma,unstability) 	
d/mammalia/mammalia-voles-plj-trapping-54.edges	1051	31	[1,4]	7|0	13|3	6	4	4	3	2	3	2	3	2	3	3	3	
d/mammalia/mammalia-baboon-grooming-group07.edges	17	41	[1,6]	8|0	0|1	8	3	2	5	2	2	2	2	2	2	5	3	
d/mammalia/mammalia-baboon-grooming-group17.edges	10	7	[1,2]	3|0	1|5	3	1	1	2	1	1	1	1	1	1	2	2	
d/mammalia/mammalia-voles-plj-trapping-28.edges	723	119	[1,16]	8|0	13|16	8	3	3	3	3	2	2	2	1	2	3	2	
d/mammalia/mammalia-baboon-association-group16.edges	7	11	[1,3]	5|0	0|0	5	3	3	3	3	2	3	2	3	2	3	2	
d/mammalia/mammalia-voles-bhp-trapping-26.edges	936	173	[1,7]	7|0	39|47	7	5	5	3	5	3	3	3	3	3	3	3	
d/mammalia/mammalia-raccoon-proximity-4.edges	25	100	[1,195]	16|0	0|3	9	2	2	10	2	2	2	2	2	2	7	4	
d/mammalia/mammalia-baboon-grooming-group29.edges	14	28	[1,8]	6|0	0|1	6	3	3	3	3	2	3	2	3	2	3	2	
d/mammalia/mammalia-voles-kcs-trapping-14.edges	237	156	[1,9]	10|0	6|8	10	5	5	4	5	4	2	4	2	4	4	4	
d/mammalia/mammalia-baboon-grooming-group22.edges	9	10	[1,3]	3|0	0|4	3	1	1	2	1	1	1	1	1	1	2	2	
d/mammalia/mammalia-voles-rob-trapping-62.edges	1465	96	[1,4]	7|0	12|28	7	3	3	2	2	3	2	3	2	3	2	3	
d/mammalia/mammalia-raccoon-proximity-52.edges	25	32	[13,31680]	7|0	2|5	2	1	1	4	1	0	1	0	1	0	1	0	
d/mammalia/mammalia-voles-rob-trapping-16.edges	467	186	[1,20]	9|0	24|22	8	5	4	2	4	3	2	3	2	3	2	3	
d/mammalia/mammalia-spidermonkeys-contact.edges	18	72	[1,480]	14|0	0|2	3	1	1	9	1	1	1	1	1	1	2	2	
d/mammalia/mammalia-voles-kcs-trapping-60.edges	1189	79	[1,12]	8|0	11|18	8	3	3	3	3	2	2	2	2	2	3	2	
d/mammalia/mammalia-baboon-association-group27.edges	19	27	[1,2]	6|0	5|1	6	3	3	5	3	2	3	2	3	2	5	2	
d/mammalia/mammalia-voles-plj-trapping-34.edges	770	7	[1,2]	2|0	6|4	2	1	1	1	1	1	1	1	1	1	1	1	
d/mammalia/mammalia-kangaroo-interactions.edges	18	91	[1,54]	15|0	1|1	11	4	4	10	3	2	3	2	3	2	9	5	
d/mammalia/mammalia-voles-plj-trapping-25.edges	582	503	[1,17]	17|0	14|15	14	11	9	7	9	4	3	4	3	4	7	5	
d/mammalia/mammalia-primate-association-14.edges	21	55	[0,5]	11|0	0|1	8	4	4	4	4	3	4	3	4	3	4	3	
d/mammalia/mammalia-raccoon-proximity-20.edges	25	35	[2,357401]	8|0	1|3	2	0	0	4	0	0	0	0	0	0	1	0	
d/mammalia/mammalia-baboon-association-group06.edges	9	9	[1,1]	3|0	1|1	3	0	0	2	2	1	2	1	2	1	2	1	
d/mammalia/mammalia-baboon-grooming-group25.edges	17	14	[1,3]	4|0	5|3	4	3	3	3	3	2	3	2	3	2	3	2	
d/mammalia/mammalia-raccoon-proximity-14.edges	25	59	[2,142503]	12|0	0|0	1	0	0	5	0	0	0	0	0	0	1	0	
Name 	|V| 	|E| 	Lifetime 	Max|Min Degree 	#deg 1|2 	(un)stability 	pair stability 	pair stability v2 	c 	delta1=0, delta2=0 	weak max(gamma,unstability) 	delta1=0, delta2=5 	weak max(gamma,unstability) 	delta1=0, delta2=10 	weak max(gamma,unstability) 	delta1=5, delta2=10 	weak max(gamma,unstability) 	
d/mammalia/mammalia-voles-rob-trapping-22.edges	640	151	[1,8]	10|0	22|35	9	5	5	2	5	3	2	3	2	3	2	3	
d/mammalia/mammalia-elephantseal-2010-2011.edges	51	58	[1,1]	9|0	21|12	9	0	0	2	2	2	2	2	2	2	2	2	
d/mammalia/mammalia-voles-bhp-trapping-14.edges	337	148	[1,4]	10|0	25|20	9	4	3	3	3	3	3	3	3	3	3	3	
d/mammalia/mammalia-voles-bhp-trapping-11.edges	184	67	[1,4]	7|0	5|4	6	3	3	3	3	2	3	2	3	2	3	2	
d/mammalia/mammalia-voles-plj-trapping-20.edges	294	43	[1,8]	6|0	7|11	6	2	2	2	2	2	2	2	2	2	2	2	
d/mammalia/mammalia-voles-plj-trapping-01.edges	11	9	[1,2]	3|0	4|4	3	1	1	1	1	1	1	1	1	1	1	1	
d/mammalia/mammalia-baboon-association-group26.edges	20	7	[1,2]	3|0	5|3	3	1	1	1	1	1	1	1	1	1	1	1	
d/mammalia/mammalia-voles-plj-trapping-13.edges	191	17	[1,4]	4|0	6|3	4	1	1	2	1	1	1	1	1	1	2	1	
d/mammalia/mammalia-voles-plj-trapping-17.edges	265	42	[1,3]	7|0	13|11	6	2	2	2	2	2	2	2	2	2	2	2	
d/mammalia/mammalia-baboon-grooming-group12.edges	9	2	[1,1]	1|0	4|0	1	0	0	0	0	0	0	0	0	0	0	0	
d/mammalia/mammalia-voles-rob-trapping-32.edges	925	13	[1,5]	3|0	6|7	2	1	1	1	1	1	1	1	1	1	1	1	
d/mammalia/mammalia-voles-rob-trapping-09.edges	187	35	[1,5]	5|0	17|8	5	3	2	2	2	2	2	2	2	2	2	2	
d/mammalia/mammalia-voles-bhp-trapping-20.edges	529	103	[1,10]	6|0	22|14	6	2	2	3	2	2	2	2	2	2	3	2	
d/mammalia/mammalia-primate-association-7.edges	21	49	[0,5]	11|0	1|1	10	3	3	7	3	2	3	2	3	2	7	3	
d/mammalia/mammalia-dolphin-floridatravel.edges	189	1032	[1,5]	43|0	7|10	42	26	22	11	22	11	11	11	11	11	11	11	
d/mammalia/mammalia-voles-bhp-trapping-38.edges	1134	4	[1,1]	1|0	8|0	1	0	0	0	0	0	0	0	0	0	0	0	
d/mammalia/mammalia-voles-plj-trapping-36.edges	776	7	[1,1]	2|0	4|5	2	0	0	1	1	0	1	0	1	0	1	0	
d/mammalia/mammalia-voles-rob-trapping-60.edges	1424	107	[1,5]	6|0	18|31	6	4	3	2	2	2	1	2	1	2	2	2	
d/mammalia/mammalia-voles-kcs-trapping-55.edges	1097	84	[1,5]	8|0	6|7	7	3	2	4	2	2	2	2	2	2	4	2	
d/mammalia/mammalia-voles-kcs-trapping-46.edges	910	51	[1,8]	7|0	16|6	7	3	3	2	2	2	2	2	2	2	2	2	
d/mammalia/mammalia-voles-bhp-trapping-44.edges	1152	11	[1,2]	3|0	8|4	3	1	1	1	1	1	1	1	1	1	1	1	
d/mammalia/mammalia-voles-rob-trapping-57.edges	1312	36	[1,4]	5|0	14|18	4	2	1	2	1	1	1	1	1	1	2	1	
d/mammalia/mammalia-voles-bhp-trapping-09.edges	152	45	[1,6]	7|0	7|9	5	2	2	2	2	2	2	2	2	2	2	2	
d/mammalia/mammalia-primate-association-6.edges	15	18	[0,4]	6|0	0|0	6	2	2	4	2	2	2	2	2	2	4	3	
d/mammalia/mammalia-voles-rob-trapping-54.edges	1271	59	[1,12]	4|0	28|26	4	1	1	2	1	1	1	1	1	1	2	1	
Name 	|V| 	|E| 	Lifetime 	Max|Min Degree 	#deg 1|2 	(un)stability 	pair stability 	pair stability v2 	c 	delta1=0, delta2=0 	weak max(gamma,unstability) 	delta1=0, delta2=5 	weak max(gamma,unstability) 	delta1=0, delta2=10 	weak max(gamma,unstability) 	delta1=5, delta2=10 	weak max(gamma,unstability) 	
d/mammalia/mammalia-voles-rob-trapping-06.edges	169	93	[1,6]	7|0	19|15	6	3	3	2	2	3	2	3	2	3	2	3	
d/mammalia/mammalia-voles-kcs-trapping-09.edges	144	27	[1,3]	4|0	12|12	4	1	1	1	1	1	1	1	1	1	1	1	
d/mammalia/mammalia-voles-plj-trapping-37.edges	784	9	[1,3]	3|0	6|3	3	1	1	1	1	1	1	1	1	1	1	1	
d/mammalia/mammalia-voles-plj-trapping-58.edges	1094	7	[1,1]	1|0	14|0	1	0	0	0	0	0	0	0	0	0	0	0	
d/mammalia/mammalia-raccoon-proximity-23.edges	25	32	[12,155887]	9|0	1|3	2	1	1	5	1	0	1	0	1	0	1	0	
d/mammalia/mammalia-voles-bhp-trapping-52.edges	1425	35	[1,4]	4|0	20|17	4	1	1	1	1	1	1	1	1	1	1	1	
d/mammalia/mammalia-voles-rob-trapping-64.edges	1481	23	[1,3]	3|0	9|14	3	1	1	2	1	1	1	1	1	1	2	2	
d/mammalia/mammalia-voles-rob-trapping-33.edges	924	3	[1,2]	1|0	6|0	1	0	0	0	0	0	0	0	0	0	0	0	
d/mammalia/mammalia-voles-plj-trapping-24.edges	484	238	[1,6]	13|0	12|20	11	7	6	4	6	3	4	3	4	3	4	3	
d/mammalia/mammalia-voles-plj-trapping-32.edges	760	14	[1,4]	4|0	10|2	4	1	1	2	1	1	1	1	1	1	2	1	
d/mammalia/mammalia-raccoon-proximity-51.edges	25	34	[7,41252]	6|0	0|1	2	1	1	3	1	0	1	0	1	0	1	0	
d/mammalia/mammalia-voles-kcs-trapping-41.edges	849	2	[1,1]	1|0	4|0	1	0	0	0	0	0	0	0	0	0	0	0	
d/mammalia/mammalia-voles-bhp-trapping-34.edges	1083	24	[1,8]	5|0	5|6	5	2	2	2	2	2	2	2	2	2	2	2	
d/mammalia/mammalia-voles-kcs-trapping-10.edges	150	18	[1,4]	4|0	7|6	4	2	1	2	1	1	1	1	1	1	2	2	
d/mammalia/mammalia-voles-plj-trapping-08.edges	134	21	[1,3]	3|0	11|11	3	1	1	1	1	1	1	1	1	1	1	1	
d/mammalia/mammalia-voles-kcs-trapping-59.edges	1161	54	[1,8]	6|0	9|7	6	3	2	2	2	2	1	2	1	2	2	2	
d/mammalia/mammalia-raccoon-proximity-2.edges	24	50	[2,105856]	9|0	3|2	2	1	1	4	1	0	1	0	1	0	1	1	
d/mammalia/mammalia-baboon-grooming-group19.edges	13	14	[1,3]	4|0	3|3	4	1	1	2	1	1	1	1	1	1	2	1	
d/mammalia/mammalia-voles-plj-trapping-47.edges	910	30	[1,2]	5|0	13|9	5	1	1	1	1	1	1	1	1	1	1	1	
d/mammalia/mammalia-elephantseal-2012-2013.edges	36	23	[1,2]	3|0	26|7	3	1	1	1	1	1	1	1	1	1	1	1	
d/mammalia/mammalia-voles-plj-trapping-18.edges	279	66	[1,6]	7|0	10|14	6	3	3	3	3	2	2	2	2	2	3	2	
d/mammalia/mammalia-possum-burrow-sharing.edges	16	13	[1,35]	4|0	10|1	1	0	0	1	0	0	0	0	0	0	1	0	
d/mammalia/mammalia-voles-bhp-trapping-40.edges	1138	1	[1,1]	1|0	2|0	1	0	0	0	0	0	0	0	0	0	0	0	
d/mammalia/mammalia-voles-bhp-trapping-50.edges	1403	77	[1,10]	6|0	20|22	5	2	2	2	2	2	2	2	2	2	2	2	
Name 	|V| 	|E| 	Lifetime 	Max|Min Degree 	#deg 1|2 	(un)stability 	pair stability 	pair stability v2 	c 	delta1=0, delta2=0 	weak max(gamma,unstability) 	delta1=0, delta2=5 	weak max(gamma,unstability) 	delta1=0, delta2=10 	weak max(gamma,unstability) 	delta1=5, delta2=10 	weak max(gamma,unstability) 	
d/mammalia/mammalia-voles-kcs-trapping-21.edges	398	76	[1,4]	7|0	15|16	6	3	2	3	2	2	2	2	2	2	3	2	
d/mammalia/mammalia-voles-bhp-trapping-22.edges	621	239	[1,9]	11|0	9|21	9	5	4	5	4	3	3	3	3	3	5	3	
d/mammalia/mammalia-baboon-association-group21.edges	9	15	[1,3]	6|0	0|2	5	2	2	3	2	2	2	2	2	2	3	2	
d/mammalia/mammalia-raccoon-proximity-46.edges	25	23	[4,155841]	7|0	1|2	1	0	0	3	0	0	0	0	0	0	1	0	
d/mammalia/mammalia-voles-plj-trapping-64.edges	1264	3	[1,2]	1|0	6|0	1	0	0	0	0	0	0	0	0	0	0	0	
d/mammalia/mammalia-baboon-association-group19.edges	14	16	[1,1]	5|0	1|7	5	0	0	2	2	2	2	2	2	2	2	2	
d/mammalia/mammalia-bison-dominance.edges	27	222	[1,22]	24|0	0|0	12	4	4	18	4	3	4	3	3	3	12	7	
d/mammalia/mammalia-voles-bhp-trapping-58.edges	1550	84	[1,2]	7|0	13|16	7	3	3	2	2	2	2	2	2	2	2	2	
d/mammalia/mammalia-voles-bhp-trapping-17.edges	452	113	[1,5]	6|0	32|26	5	2	2	3	2	2	1	2	1	2	3	2	
d/mammalia/mammalia-voles-plj-trapping-52.edges	1028	22	[1,4]	3|0	21|10	3	1	1	1	1	0	1	0	1	0	1	1	
d/mammalia/mammalia-voles-plj-trapping-57.edges	1083	13	[1,1]	2|0	12|7	2	0	0	1	1	1	1	1	1	1	1	1	
d/mammalia/mammalia-voles-kcs-trapping-33.edges	764	18	[1,4]	4|0	11|6	4	1	1	1	1	1	1	1	1	1	1	1	
d/mammalia/mammalia-voles-plj-trapping-44.edges	827	12	[1,3]	4|0	6|7	3	1	1	1	1	1	1	1	1	1	1	1	
d/mammalia/mammalia-raccoon-proximity-45.edges	25	25	[3,260180]	6|0	2|1	1	0	0	3	0	0	0	0	0	0	1	0	
d/mammalia/mammalia-raccoon-proximity-11.edges	25	46	[2,173429]	9|0	0|2	2	1	1	4	1	0	1	0	1	0	1	1	
d/mammalia/mammalia-voles-kcs-trapping-30.edges	737	89	[1,9]	6|0	17|24	5	2	2	3	2	2	2	2	2	2	3	2	
d/mammalia/mammalia-voles-rob-trapping-45.edges	1014	89	[1,4]	7|0	13|12	7	5	4	3	4	2	2	2	2	2	3	2	
d/mammalia/mammalia-voles-kcs-trapping-03.edges	56	17	[1,4]	3|0	10|3	3	1	1	1	1	1	1	1	1	1	1	1	
d/mammalia/mammalia-voles-plj-trapping-41.edges	810	2	[1,2]	2|0	2|1	2	0	0	1	0	0	0	0	0	0	1	0	
d/mammalia/mammalia-voles-plj-trapping-03.edges	54	30	[1,4]	4|0	11|10	4	2	1	1	1	1	1	1	1	1	1	1	
d/mammalia/mammalia-voles-rob-trapping-58.edges	1340	55	[1,9]	8|0	17|19	7	2	2	1	2	2	1	2	1	2	1	2	
d/mammalia/mammalia-dolphin-florida-overall.edges	292	3182	[1,16]	99|0	6|10	81	47	40	35	40	14	40	14	40	14	35	20	
d/mammalia/mammalia-voles-plj-trapping-11.edges	172	22	[1,5]	5|0	10|4	5	1	1	2	1	1	1	1	1	1	2	2	
d/mammalia/mammalia-voles-plj-trapping-59.edges	1163	107	[1,6]	7|0	13|23	7	4	3	3	3	2	2	2	2	2	3	2	
d/mammalia/mammalia-voles-rob-trapping-48.edges	1135	40	[1,7]	5|0	18|16	5	2	2	2	2	2	2	2	2	2	2	2	
Name 	|V| 	|E| 	Lifetime 	Max|Min Degree 	#deg 1|2 	(un)stability 	pair stability 	pair stability v2 	c 	delta1=0, delta2=0 	weak max(gamma,unstability) 	delta1=0, delta2=5 	weak max(gamma,unstability) 	delta1=0, delta2=10 	weak max(gamma,unstability) 	delta1=5, delta2=10 	weak max(gamma,unstability) 	
d/mammalia/mammalia-voles-kcs-trapping-25.edges	605	244	[1,9]	11|0	11|15	10	4	3	4	3	2	3	2	3	2	4	2	
d/mammalia/mammalia-voles-plj-trapping-21.edges	310	54	[1,12]	7|0	14|12	6	3	3	2	3	2	2	2	2	2	2	2	
d/mammalia/mammalia-voles-plj-trapping-63.edges	1262	25	[1,4]	3|0	21|7	3	2	2	1	2	2	1	2	1	2	1	2	
d/mammalia/mammalia-raccoon-proximity-24.edges	25	41	[3,577627]	10|0	0|1	2	0	0	6	0	0	0	0	0	0	1	0	
d/mammalia/mammalia-dolphin-florida-social.edges	152	1554	[1,5]	69|0	2|1	65	35	31	24	31	17	15	17	15	17	24	17	
d/mammalia/mammalia-voles-kcs-trapping-08.edges	135	41	[1,6]	5|0	13|17	5	2	1	2	1	1	1	1	1	1	2	1	
d/mammalia/mammalia-raccoon-proximity-21.edges	24	22	[4,336157]	6|0	7|4	1	0	0	2	0	0	0	0	0	0	0	0	
d/mammalia/mammalia-raccoon-proximity-1.edges	24	63	[2,119759]	13|0	1|1	2	1	1	6	1	0	1	0	1	0	1	1	
d/mammalia/mammalia-raccoon-proximity-16.edges	25	42	[4,170055]	8|0	1|2	1	0	0	6	0	0	0	0	0	0	1	0	
d/mammalia/mammalia-voles-kcs-trapping-11.edges	155	13	[1,2]	4|0	6|5	4	1	1	1	1	1	1	1	1	1	1	1	
d/mammalia/mammalia-baboon-association-group12.edges	9	5	[1,2]	2|0	2|4	2	1	1	1	0	1	0	1	0	1	1	1	
d/mammalia/mammalia-voles-plj-trapping-09.edges	148	32	[1,4]	5|0	8|14	5	2	2	2	2	2	2	2	2	2	2	2	
d/mammalia/mammalia-voles-bhp-trapping-19.edges	500	49	[1,6]	3|0	40|23	3	1	1	1	1	1	1	1	1	1	1	1	
d/mammalia/mammalia-voles-rob-trapping-49.edges	1184	138	[1,8]	8|0	17|20	8	4	4	3	2	3	2	3	2	3	3	3	
d/mammalia/mammalia-voles-rob-trapping-08.edges	179	37	[1,4]	3|0	20|24	3	1	1	1	1	1	1	1	1	1	1	1	
d/mammalia/mammalia-voles-rob-trapping-12.edges	269	76	[1,6]	6|0	15|25	6	3	3	2	2	2	2	2	2	2	2	2	
d/mammalia/mammalia-raccoon-proximity-8.edges	25	61	[2,278980]	13|0	0|2	2	0	0	4	0	0	0	0	0	0	1	1	
d/mammalia/mammalia-primate-association-8.edges	21	114	[0,6]	16|0	0|0	15	9	8	13	8	6	8	6	8	6	13	8	
d/mammalia/mammalia-baboon-grooming-group16.edges	7	5	[1,2]	2|0	2|4	2	1	1	1	1	0	1	0	1	0	1	1	
d/mammalia/mammalia-raccoon-proximity-27.edges	25	27	[15,269399]	8|0	3|2	2	0	0	4	0	0	0	0	0	0	1	0	
d/mammalia/mammalia-voles-kcs-trapping-07.edges	127	61	[1,7]	5|0	13|14	5	2	2	2	2	2	2	2	2	2	2	2	
d/mammalia/mammalia-baboon-grooming-group13.edges	10	3	[1,3]	2|0	2|2	2	1	1	1	1	0	1	0	1	0	1	1	
d/mammalia/mammalia-voles-kcs-trapping.edges	1219	3592	[1,64]	36|0	151|183	28	10	10	10	10	6	6	6	6	6	10	7	
d/mammalia/mammalia-voles-plj-trapping-49.edges	968	95	[1,6]	7|0	14|19	6	2	2	3	2	2	1	2	1	2	3	2	
Name 	|V| 	|E| 	Lifetime 	Max|Min Degree 	#deg 1|2 	(un)stability 	pair stability 	pair stability v2 	c 	delta1=0, delta2=0 	weak max(gamma,unstability) 	delta1=0, delta2=5 	weak max(gamma,unstability) 	delta1=0, delta2=10 	weak max(gamma,unstability) 	delta1=5, delta2=10 	weak max(gamma,unstability) 	
d/mammalia/mammalia-voles-bhp-trapping-46.edges	1248	140	[1,5]	9|0	13|15	8	3	3	4	3	2	2	2	2	2	4	2	
d/mammalia/mammalia-voles-rob-trapping-28.edges	884	92	[1,4]	5|0	10|29	5	3	2	2	2	2	2	2	2	2	2	2	
d/mammalia/mammalia-voles-bhp-trapping-15.edges	355	32	[1,3]	4|0	20|4	4	2	2	2	2	2	2	2	2	2	2	2	
d/mammalia/mammalia-voles-rob-trapping-30.edges	914	48	[1,5]	5|0	13|19	5	3	2	2	2	2	2	2	2	2	2	2	
d/mammalia/mammalia-baboon-grooming-group08.edges	20	14	[1,2]	4|0	7|5	4	1	1	1	1	1	1	1	1	1	1	1	
d/mammalia/mammalia-raccoon-proximity-36.edges	25	25	[3,355327]	7|0	2|2	3	1	1	3	1	0	1	0	1	0	1	0	
d/mammalia/mammalia-voles-plj-trapping-06.edges	115	45	[1,6]	6|0	14|8	6	2	2	2	2	2	2	2	2	2	2	2	
d/mammalia/mammalia-primate-association.edges	26	280	[0,10]	24|0	0|0	20	18	17	22	19	13	18	13	18	13	22	14	
d/mammalia/mammalia-baboon-association-group10.edges	14	32	[1,3]	8|0	1|2	8	5	4	6	4	3	4	3	4	3	6	4	
d/mammalia/mammalia-voles-plj-trapping-62.edges	1258	46	[1,5]	7|0	18|18	6	2	2	2	2	2	2	2	2	2	2	2	
d/mammalia/mammalia-voles-bhp-trapping-35.edges	1097	25	[1,2]	5|0	11|4	5	2	1	2	1	1	1	1	1	1	2	2	
d/mammalia/mammalia-voles-bhp-trapping-21.edges	552	138	[1,6]	9|0	14|24	8	4	4	3	4	2	3	2	3	2	3	3	
d/mammalia/mammalia-asianelephant.edges	74	60	[1,1]	6|0	46|15	6	0	0	3	3	2	3	2	3	2	3	2	
d/mammalia/mammalia-baboon-association-group23.edges	24	30	[1,3]	7|0	4|5	7	2	2	2	2	2	2	2	2	2	2	2	
d/mammalia/mammalia-baboon-association-group14.edges	8	17	[1,7]	6|0	0|0	5	2	1	4	1	1	1	1	1	1	4	2	
d/mammalia/mammalia-raccoon-proximity-47.edges	25	24	[8,90255]	6|0	0|3	2	0	0	4	0	0	0	0	0	0	1	1	
d/mammalia/mammalia-primate-association-16.edges	26	97	[0,10]	16|0	0|0	14	7	6	7	6	4	5	4	5	4	7	4	
d/mammalia/mammalia-primate-association-19.edges	16	13	[0,1]	3|0	0|4	3	1	1	2	1	1	1	1	1	1	2	2	
d/mammalia/mammalia-raccoon-proximity-15.edges	25	49	[2,321495]	10|0	0|1	1	0	0	6	0	0	0	0	0	0	1	0	
d/mammalia/mammalia-voles-plj-trapping-38.edges	795	11	[1,2]	4|0	10|4	4	1	1	1	1	1	1	1	1	1	1	1	
d/mammalia/mammalia-voles-kcs-trapping-53.edges	1068	22	[1,3]	4|0	16|4	4	2	2	1	1	2	1	2	1	2	1	2	
d/mammalia/mammalia-raccoon-proximity-39.edges	25	21	[10,249999]	6|0	5|1	1	0	0	3	0	0	0	0	0	0	1	0	
d/mammalia/mammalia-voles-kcs-trapping-05.edges	96	62	[1,6]	7|0	12|14	6	2	2	2	2	2	2	2	2	2	2	2	
d/mammalia/mammalia-raccoon-proximity-12.edges	25	48	[4,77752]	9|0	0|3	2	1	1	7	1	0	0	0	0	0	1	1	
Name 	|V| 	|E| 	Lifetime 	Max|Min Degree 	#deg 1|2 	(un)stability 	pair stability 	pair stability v2 	c 	delta1=0, delta2=0 	weak max(gamma,unstability) 	delta1=0, delta2=5 	weak max(gamma,unstability) 	delta1=0, delta2=10 	weak max(gamma,unstability) 	delta1=5, delta2=10 	weak max(gamma,unstability) 	
d/mammalia/mammalia-voles-bhp-trapping-39.edges	1137	7	[1,4]	3|0	2|0	3	2	2	0	0	2	0	2	0	2	0	2	
d/mammalia/mammalia-voles-plj-trapping-07.edges	128	35	[1,3]	4|0	12|13	4	2	2	2	2	2	2	2	2	2	2	2	
d/mammalia/mammalia-voles-rob-trapping-17.edges	500	104	[1,7]	7|0	37|16	7	4	4	2	2	4	1	4	1	4	2	4	
d/mammalia/mammalia-primate-association-10.edges	22	60	[0,6]	12|0	0|3	10	5	5	6	5	3	5	3	5	3	6	4	
d/mammalia/mammalia-voles-rob-trapping-52.edges	1252	93	[1,15]	6|0	24|27	6	3	2	2	2	2	1	2	1	2	2	2	
d/mammalia/mammalia-voles-bhp-trapping-29.edges	1045	105	[1,10]	6|0	37|36	4	2	2	2	2	2	2	2	2	2	2	2	
d/mammalia/mammalia-macaque-contact-sits.edges	29	378	[2,554]	27|0	0|0	4	2	1	0	1	1	1	1	1	1	3	2	
d/mammalia/mammalia-primate-association-1.edges	16	45	[0,5]	10|0	0|0	9	5	5	7	5	3	5	3	5	3	7	4	
d/mammalia/mammalia-raccoon-proximity-6.edges	25	75	[4,97855]	14|0	0|1	3	1	1	8	1	0	1	0	1	0	1	1	
d/mammalia/mammalia-voles-kcs-trapping-54.edges	1069	13	[1,3]	4|0	11|1	4	2	1	1	1	1	1	1	1	1	1	1	
d/mammalia/mammalia-voles-kcs-trapping-57.edges	1126	25	[1,2]	5|0	10|6	5	1	1	2	1	1	1	1	1	1	2	1	
d/mammalia/mammalia-voles-plj-trapping-48.edges	931	61	[1,6]	5|0	13|12	5	3	3	3	3	2	2	2	2	2	3	2	
d/mammalia/mammalia-voles-plj-trapping-43.edges	814	2	[1,1]	2|0	2|1	2	0	0	1	1	0	1	0	1	0	1	0	
d/mammalia/mammalia-voles-kcs-trapping-56.edges	1110	27	[1,13]	7|0	5|3	7	3	3	2	3	2	2	2	2	2	2	2	
d/mammalia/mammalia-voles-plj-trapping-15.edges	237	60	[1,8]	6|0	12|18	5	1	1	2	1	1	1	1	1	1	2	2	
d/mammalia/mammalia-voles-kcs-trapping-02.edges	43	44	[1,3]	5|0	3|9	5	2	2	2	2	2	2	2	2	2	2	2	
d/mammalia/mammalia-voles-rob-trapping-35.edges	931	3	[1,1]	1|0	6|0	1	0	0	0	0	0	0	0	0	0	0	0	
d/mammalia/mammalia-voles-bhp-trapping-41.edges	1139	1	[1,1]	1|0	2|0	1	0	0	0	0	0	0	0	0	0	0	0	
d/mammalia/mammalia-raccoon-proximity-3.edges	24	50	[1,282]	7|0	2|1	6	1	1	5	1	1	1	1	1	1	3	2	
d/mammalia/mammalia-voles-kcs-trapping-17.edges	350	132	[1,9]	10|0	12|24	7	2	2	4	2	2	1	2	1	2	4	3	
d/mammalia/mammalia-voles-plj-trapping-45.edges	860	63	[1,6]	7|0	7|9	6	2	2	3	2	2	1	2	1	2	3	2	
d/mammalia/mammalia-voles-kcs-trapping-44.edges	866	20	[1,6]	5|0	5|2	4	2	1	2	1	1	1	1	1	1	2	1	
d/mammalia/mammalia-voles-plj-trapping-56.edges	1068	10	[1,2]	2|0	8|6	2	1	1	1	1	1	1	1	1	1	1	1	
d/mammalia/mammalia-baboon-grooming-group06.edges	9	11	[1,5]	5|0	0|3	4	2	2	2	2	2	2	2	2	2	2	2	
Name 	|V| 	|E| 	Lifetime 	Max|Min Degree 	#deg 1|2 	(un)stability 	pair stability 	pair stability v2 	c 	delta1=0, delta2=0 	weak max(gamma,unstability) 	delta1=0, delta2=5 	weak max(gamma,unstability) 	delta1=0, delta2=10 	weak max(gamma,unstability) 	delta1=5, delta2=10 	weak max(gamma,unstability) 	
d/mammalia/mammalia-voles-kcs-trapping-39.edges	844	7	[1,4]	2|0	10|2	2	1	1	1	1	0	1	0	1	0	1	1	
d/mammalia/mammalia-raccoon-proximity-25.edges	25	36	[2,604800]	9|0	3|2	2	1	1	5	1	0	1	0	1	0	1	0	
d/mammalia/mammalia-voles-plj-trapping-33.edges	764	4	[1,2]	2|0	2|3	2	1	1	0	1	0	0	0	0	0	0	0	
d/mammalia/mammalia-voles-rob-trapping-31.edges	923	24	[1,3]	3|0	9|9	3	1	1	1	1	1	1	1	1	1	1	1	
d/mammalia/mammalia-voles-kcs-trapping-27.edges	715	331	[1,17]	13|0	15|16	12	8	6	6	6	3	4	3	4	3	6	4	
d/mammalia/mammalia-voles-kcs-trapping-62.edges	1209	25	[1,4]	4|0	9|12	4	1	1	1	1	1	1	1	1	1	1	1	
d/mammalia/mammalia-cattle-dominance.edges	29	205	[1,13]	22|0	1|0	15	7	6	16	6	4	5	4	5	4	14	8	
d/mammalia/mammalia-voles-kcs-trapping-35.edges	779	13	[1,2]	3|0	7|5	3	2	2	2	2	2	2	2	2	2	2	2	
d/mammalia/mammalia-voles-kcs-trapping-38.edges	838	18	[1,1]	3|0	21|6	3	0	0	1	1	0	1	0	1	0	1	0	
d/mammalia/mammalia-voles-rob-trapping-39.edges	940	2	[1,1]	1|0	4|0	1	0	0	0	0	0	0	0	0	0	0	0	
d/mammalia/mammalia-voles-plj-trapping-16.edges	249	34	[1,5]	5|0	13|12	5	2	2	1	1	2	1	2	1	2	1	2	
d/mammalia/mammalia-voles-rob-trapping-47.edges	1120	184	[1,12]	14|0	18|15	13	6	6	4	6	4	4	4	4	4	4	4	
d/mammalia/mammalia-baboon-association-group29.edges	14	19	[1,2]	4|0	0|4	4	2	2	2	2	2	2	2	2	2	2	2	
d/mammalia/mammalia-voles-bhp-trapping-05.edges	74	65	[1,12]	6|0	7|8	6	3	3	2	3	2	3	2	1	2	2	2	
d/mammalia/mammalia-voles-plj-trapping-12.edges	179	6	[1,3]	2|0	6|3	2	1	1	1	1	1	1	1	1	1	1	1	
d/mammalia/mammalia-voles-kcs-trapping-51.edges	1056	42	[1,8]	5|0	15|18	5	2	2	2	2	2	2	2	2	2	2	2	
d/mammalia/mammalia-voles-kcs-trapping-04.edges	73	30	[1,16]	4|0	9|9	4	3	3	2	3	2	2	2	2	2	2	2	
d/mammalia/mammalia-elephantseal-2010-2012-peidras.edges	19	15	[1,2]	3|0	10|4	3	1	1	1	1	1	1	1	1	1	1	1	
d/mammalia/mammalia-voles-rob-trapping-34.edges	926	5	[1,3]	3|0	2|1	3	1	1	1	1	1	1	1	1	1	1	1	
d/mammalia/mammalia-voles-rob-trapping-36.edges	933	2	[1,1]	1|0	4|0	1	0	0	0	0	0	0	0	0	0	0	0	
d/mammalia/mammalia-baboon-association-group08.edges	21	33	[1,2]	7|0	5|3	7	3	3	3	3	2	3	2	3	2	3	3	
d/mammalia/mammalia-voles-rob-trapping-13.edges	332	197	[1,4]	11|0	12|28	11	8	7	5	7	5	4	5	4	5	5	5	
d/mammalia/mammalia-voles-plj-trapping-31.edges	754	39	[1,6]	6|0	8|9	6	2	2	2	2	2	2	2	2	2	2	2	
d/mammalia/mammalia-voles-kcs-trapping-43.edges	854	4	[1,2]	2|0	2|3	2	1	1	0	1	0	0	0	0	0	1	0	
d/mammalia/mammalia-voles-kcs-trapping-28.edges	723	195	[1,15]	9|0	15|20	7	4	3	4	3	2	3	2	3	2	4	2	
Name 	|V| 	|E| 	Lifetime 	Max|Min Degree 	#deg 1|2 	(un)stability 	pair stability 	pair stability v2 	c 	delta1=0, delta2=0 	weak max(gamma,unstability) 	delta1=0, delta2=5 	weak max(gamma,unstability) 	delta1=0, delta2=10 	weak max(gamma,unstability) 	delta1=5, delta2=10 	weak max(gamma,unstability) 	
d/mammalia/mammalia-primate-association-3.edges	25	167	[0,6]	20|0	0|0	18	13	12	15	11	7	9	7	9	7	15	9	
d/mammalia/mammalia-baboon-association-group04.edges	5	4	[1,1]	3|0	1|2	3	0	0	1	1	0	1	0	1	0	1	0	
d/mammalia/mammalia-raccoon-proximity-17.edges	25	30	[9,242535]	8|0	2|6	1	0	0	4	0	0	0	0	0	0	1	0	
d/mammalia/mammalia-voles-rob-trapping-38.edges	937	2	[1,2]	1|0	4|0	1	0	0	0	0	0	0	0	0	0	0	0	
d/mammalia/mammalia-baboon-association-group11.edges	15	25	[1,2]	6|0	0|4	6	3	3	2	2	2	2	2	2	2	2	2	
d/mammalia/mammalia-baboon-grooming-group28.edges	19	23	[1,4]	6|0	3|4	6	2	2	2	2	2	2	2	2	2	2	2	
d/mammalia/mammalia-raccoon-proximity-26.edges	25	42	[5,598254]	11|0	0|4	2	0	0	6	0	0	0	0	0	0	1	0	
d/mammalia/mammalia-voles-plj-trapping-51.edges	1014	27	[1,4]	6|0	16|4	6	2	2	1	1	2	1	2	1	2	1	2	
d/mammalia/mammalia-voles-rob-trapping-24.edges	760	156	[1,12]	8|0	19|11	8	3	3	3	3	2	2	2	2	2	3	2	
d/mammalia/mammalia-voles-rob-trapping-61.edges	1445	113	[1,6]	7|0	19|16	7	3	3	3	3	2	2	2	2	2	3	2	
d/mammalia/mammalia-voles-kcs-trapping-06.edges	111	45	[1,4]	6|0	9|8	5	2	2	2	1	2	1	2	1	2	2	2	
d/mammalia/mammalia-raccoon-proximity-18.edges	25	26	[11,277764]	7|0	4|0	1	0	0	4	0	0	0	0	0	0	1	0	
d/mammalia/mammalia-raccoon-proximity-38.edges	25	17	[2,56842]	6|0	3|2	1	0	0	3	0	0	0	0	0	0	1	1	
d/mammalia/mammalia-voles-kcs-trapping-49.edges	1019	124	[1,10]	11|0	15|27	9	5	4	3	4	4	1	4	1	4	3	4	
d/mammalia/mammalia-voles-kcs-trapping-48.edges	979	160	[1,7]	14|0	9|15	13	4	4	5	4	2	3	2	3	2	5	3	
d/mammalia/mammalia-macaque-grooming-bouts.edges	29	228	[1,76]	24|0	0|0	15	7	5	19	5	3	5	3	5	3	13	8	
d/mammalia/mammalia-voles-plj-trapping.edges	1264	3380	[1,64]	35|0	211|192	27	15	15	11	11	7	7	7	7	7	11	7	
d/mammalia/mammalia-voles-bhp-trapping-08.edges	132	22	[1,3]	3|0	12|10	3	1	1	1	1	1	1	1	1	1	1	1	
d/mammalia/mammalia-voles-rob-trapping-11.edges	241	174	[1,12]	15|0	10|7	14	6	5	5	4	4	4	4	4	4	5	4	
d/mammalia/mammalia-voles-bhp-trapping-04.edges	53	35	[1,4]	4|0	15|6	4	3	3	3	3	2	3	2	3	2	3	2	
d/mammalia/mammalia-voles-rob-trapping-07.edges	174	63	[1,7]	7|0	14|27	5	2	1	3	1	1	1	1	1	1	3	1	
d/mammalia/mammalia-voles-kcs-trapping-22.edges	454	196	[1,17]	10|0	12|20	9	4	4	6	4	3	2	3	2	3	6	3	
d/mammalia/mammalia-voles-plj-trapping-10.edges	159	31	[1,6]	4|0	7|12	4	1	1	2	1	1	1	1	1	1	2	1	
d/mammalia/mammalia-raccoon-proximity-37.edges	25	18	[8,604800]	6|0	4|5	1	0	0	2	0	0	0	0	0	0	0	0	
d/mammalia/mammalia-voles-rob-trapping-23.edges	697	157	[1,6]	8|0	21|21	8	4	3	4	3	3	2	3	2	3	4	3	
Name 	|V| 	|E| 	Lifetime 	Max|Min Degree 	#deg 1|2 	(un)stability 	pair stability 	pair stability v2 	c 	delta1=0, delta2=0 	weak max(gamma,unstability) 	delta1=0, delta2=5 	weak max(gamma,unstability) 	delta1=0, delta2=10 	weak max(gamma,unstability) 	delta1=5, delta2=10 	weak max(gamma,unstability) 	
d/mammalia/mammalia-baboon-grooming-group14.edges	8	10	[1,5]	5|0	1|2	4	1	1	3	1	1	1	1	1	1	3	2	
d/mammalia/mammalia-voles-rob-trapping.edges	1481	3935	[1,64]	34|0	208|235	29	10	9	8	9	6	6	6	6	6	8	6	
d/mammalia/mammalia-voles-bhp-trapping-59.edges	1595	131	[1,4]	10|0	21|16	10	4	4	2	4	3	2	3	2	3	2	3	
d/mammalia/mammalia-baboon-grooming-group27.edges	19	32	[1,3]	7|0	3|3	7	3	3	4	3	2	3	2	3	2	4	3	
d/mammalia/mammalia-voles-plj-trapping-23.edges	409	165	[1,7]	11|0	11|24	10	6	5	5	4	3	3	3	3	3	5	3	
d/mammalia/mammalia-voles-plj-trapping-35.edges	771	4	[1,1]	2|0	6|1	2	0	0	1	1	0	1	0	1	0	1	0	
d/mammalia/mammalia-voles-bhp-trapping-06.edges	107	86	[1,6]	7|0	11|10	7	3	3	3	3	2	2	2	2	2	3	2	
d/mammalia/mammalia-voles-rob-trapping-55.edges	1283	77	[1,6]	7|0	15|18	5	3	3	3	3	2	2	2	2	2	3	2	
d/mammalia/mammalia-voles-rob-trapping-19.edges	550	57	[1,9]	3|0	27|18	3	2	2	2	2	2	2	2	2	2	2	2	
d/mammalia/mammalia-voles-rob-trapping-27.edges	868	84	[1,3]	7|0	26|25	6	3	3	2	3	2	2	2	2	2	2	2	
d/mammalia/mammalia-raccoon-proximity-50.edges	25	33	[3,16103]	8|0	2|2	3	1	1	4	1	0	1	0	1	0	1	1	
d/mammalia/mammalia-voles-plj-trapping-40.edges	809	2	[1,1]	1|0	4|0	1	0	0	0	0	0	0	0	0	0	0	0	
d/mammalia/mammalia-voles-kcs-trapping-20.edges	386	82	[1,6]	7|0	13|23	6	2	2	2	2	2	2	2	2	2	2	2	
d/mammalia/mammalia-baboon-association-group24.edges	21	7	[1,1]	2|0	8|3	2	0	0	1	1	1	1	1	1	1	1	1	
d/mammalia/mammalia-voles-kcs-trapping-12.edges	161	18	[1,6]	5|0	6|6	5	3	3	2	3	2	2	2	2	2	2	2	
d/mammalia/mammalia-baboon-grooming-group20.edges	14	21	[1,7]	5|0	2|2	5	2	2	3	2	2	2	2	2	2	3	2	
d/mammalia/mammalia-voles-bhp-trapping-16.edges	418	106	[1,3]	7|0	31|28	7	3	3	3	3	2	2	2	2	2	3	2	
d/mammalia/mammalia-raccoon-proximity-48.edges	25	23	[3,99774]	6|0	2|0	1	0	0	2	0	0	0	0	0	0	1	1	
d/mammalia/mammalia-dolphin-florida-forage.edges	191	1134	[1,7]	47|0	15|19	47	37	29	15	29	12	29	12	11	12	15	12	
d/mammalia/mammalia-baboon-association-group09.edges	26	22	[1,1]	5|0	9|10	5	0	0	2	2	1	2	1	2	1	2	1	
d/mammalia/mammalia-voles-bhp-trapping-24.edges	805	363	[1,12]	12|0	14|28	11	6	5	4	5	4	3	4	3	4	4	4	
d/mammalia/mammalia-bat-roosting-indiana.edges	44	546	[2,209]	36|0	1|1	10	9	8	8	8	5	8	5	8	5	10	5	
d/mammalia/mammalia-voles-bhp-trapping-33.edges	1073	2	[1,1]	1|0	4|0	1	0	0	0	0	0	0	0	0	0	0	0	
d/mammalia/mammalia-voles-rob-trapping-29.edges	899	70	[1,6]	5|0	23|34	4	1	1	2	1	1	1	1	1	1	2	1	
d/mammalia/mammalia-voles-rob-trapping-03.edges	88	79	[1,5]	9|0	14|14	9	4	3	3	3	2	3	2	3	2	3	3	
Name 	|V| 	|E| 	Lifetime 	Max|Min Degree 	#deg 1|2 	(un)stability 	pair stability 	pair stability v2 	c 	delta1=0, delta2=0 	weak max(gamma,unstability) 	delta1=0, delta2=5 	weak max(gamma,unstability) 	delta1=0, delta2=10 	weak max(gamma,unstability) 	delta1=5, delta2=10 	weak max(gamma,unstability) 	
d/mammalia/mammalia-raccoon-proximity-34.edges	25	26	[3,349341]	8|0	0|2	1	0	0	3	0	0	0	0	0	0	1	0	
d/mammalia/mammalia-baboon-association-group13.edges	8	4	[1,2]	2|0	4|2	2	1	1	1	1	0	1	0	1	0	1	0	
d/mammalia/mammalia-voles-kcs-trapping-26.edges	669	271	[1,9]	13|0	16|24	11	6	5	4	5	3	3	3	3	3	4	3	
d/mammalia/mammalia-voles-kcs-trapping-01.edges	22	19	[1,2]	3|0	9|7	3	2	2	1	1	2	1	2	1	2	1	2	
d/mammalia/mammalia-baboon-association-group20.edges	14	30	[1,2]	7|0	0|1	7	4	4	4	4	3	4	3	4	3	4	3	
d/mammalia/mammalia-voles-kcs-trapping-29.edges	729	103	[1,9]	6|0	22|30	5	3	2	3	2	2	2	2	2	2	3	2	
d/mammalia/mammalia-voles-rob-trapping-26.edges	833	55	[1,3]	4|0	23|10	4	2	2	2	1	2	1	2	1	2	2	2	
d/mammalia/mammalia-raccoon-proximity-22.edges	25	33	[4,519810]	7|0	2|3	2	0	0	5	0	0	0	0	0	0	1	0	
d/mammalia/mammalia-baboon-association-group15.edges	7	12	[1,4]	5|0	0|0	4	2	2	3	2	2	2	2	2	2	3	2	
d/mammalia/mammalia-voles-bhp-trapping-48.edges	1343	193	[1,10]	15|0	17|17	14	5	5	4	4	4	3	4	3	4	4	4	
d/mammalia/mammalia-baboon-association-group28.edges	19	21	[1,3]	5|0	2|7	5	2	2	2	2	2	2	2	2	2	2	2	
d/mammalia/mammalia-baboon-association-group01.edges	5	6	[1,3]	3|0	0|0	3	1	1	0	1	1	0	1	0	1	0	1	
d/mammalia/mammalia-voles-bhp-trapping-28.edges	1034	189	[1,15]	6|0	42|43	6	5	4	3	4	2	2	2	2	2	3	2	
d/mammalia/mammalia-baboon-grooming-group02.edges	6	6	[1,3]	4|0	1|2	4	1	1	2	1	0	1	0	1	0	2	0	
d/mammalia/mammalia-raccoon-proximity-19.edges	25	35	[2,357401]	8|0	1|3	2	0	0	4	0	0	0	0	0	0	1	0	
d/mammalia/mammalia-voles-plj-trapping-42.edges	812	2	[1,2]	1|0	4|0	1	0	0	0	0	0	0	0	0	0	0	0	
d/mammalia/mammalia-voles-kcs-trapping-24.edges	544	193	[1,9]	12|0	11|13	10	6	4	5	4	3	3	3	3	3	5	3	
d/mammalia/mammalia-raccoon-proximity-42.edges	25	35	[3,417146]	7|0	2|2	2	0	0	4	0	0	0	0	0	0	1	0	
d/mammalia/mammalia-primate-association-5.edges	16	59	[0,9]	12|0	0|0	9	5	5	10	5	3	5	3	5	3	9	5	
d/mammalia/mammalia-voles-rob-trapping-14.edges	372	103	[1,6]	9|0	18|14	9	5	5	2	5	4	2	4	2	4	2	4	
d/mammalia/mammalia-voles-bhp-trapping.edges	1687	4623	[1,64]	37|0	239|242	34	10	8	8	6	6	6	6	6	6	8	6	
d/mammalia/mammalia-voles-kcs-trapping-15.edges	272	82	[1,9]	8|0	22|13	6	4	4	2	4	2	4	2	2	2	2	2	
d/mammalia/mammalia-voles-plj-trapping-61.edges	1253	138	[1,16]	6|0	14|16	6	4	2	3	2	2	1	2	1	2	3	2	
d/mammalia/mammalia-raccoon-proximity-49.edges	25	22	[2,107857]	6|0	1|0	1	0	0	2	0	0	0	0	0	0	0	0	
Name 	|V| 	|E| 	Lifetime 	Max|Min Degree 	#deg 1|2 	(un)stability 	pair stability 	pair stability v2 	c 	delta1=0, delta2=0 	weak max(gamma,unstability) 	delta1=0, delta2=5 	weak max(gamma,unstability) 	delta1=0, delta2=10 	weak max(gamma,unstability) 	delta1=5, delta2=10 	weak max(gamma,unstability) 	
d/mammalia/mammalia-primate-association-4.edges	16	43	[0,6]	10|0	0|0	8	5	5	7	5	4	5	4	5	4	7	4	
d/mammalia/mammalia-baboon-grooming-group01.edges	5	4	[1,3]	2|0	0|4	2	1	1	2	1	0	1	0	1	0	2	2	
d/mammalia/mammalia-voles-bhp-trapping-49.edges	1387	119	[1,9]	9|0	18|20	9	7	6	3	6	5	3	5	3	5	3	5	
d/mammalia/mammalia-voles-bhp-trapping-32.edges	1071	25	[1,4]	4|0	4|8	4	2	2	2	2	2	2	2	2	2	2	2	
d/mammalia/mammalia-voles-kcs-trapping-32.edges	759	33	[1,3]	5|0	12|14	5	1	1	1	1	1	1	1	1	1	1	1	
d/mammalia/mammalia-voles-plj-trapping-04.edges	85	68	[1,4]	7|0	16|13	5	3	3	3	1	3	1	3	1	3	3	3	
d/mammalia/mammalia-voles-bhp-trapping-31.edges	1063	44	[1,7]	5|0	9|15	5	2	2	2	2	2	1	2	1	2	2	2	
d/mammalia/mammalia-voles-plj-trapping-50.edges	999	63	[1,12]	4|0	28|30	4	2	2	2	2	2	2	2	2	2	2	2	
